{"cameraMode":{"drawMode":0,"name":"Shaded","section":"Shading Mode"},"sceneLighting":true,"audioPlay":false,"sceneViewState":{"m_AlwaysRefresh":false,"showFog":true,"showSkybox":true,"showFlares":true,"showImageEffects":true,"showParticleSystems":true,"showVisualEffectGraphs":true,"m_FxEnabled":true},"in2DMode":false,"pivot":{"x":235.6807098388672,"y":123.99746704101563,"z":32.267723083496097},"rotation":{"x":-0.19367006421089173,"y":0.11244579404592514,"z":-0.02234921045601368,"w":-0.9743567705154419},"size":197.2249298095703,"orthographic":false}